name,city,state
A Taste Of Laos,Hewitt,Texas
Ahan Lao,Chula Vista,California
Alounemay Asian Market and The Lao Kitchen,Greensboro,North Carolina
Asia Market Thai Lao Food,Houston,Texas
Asia Market Thai Lao Food,Houston,Texas
Asian Duck Cafe,Minneapolis,Minnesota
Bangkok Street Food,Chamblee,Georgia
Buckhead Lao Street food,Atlanta,Georgia
Center For Lao Studies,San Francisco,California
Chatayee Thai,Philadelphia,Pennsylvania
Dao Lao Thai Restaurant,Haltom City,Texas
Flamin' Thai & Sushi Northeast,Minneapolis,Minnesota
Friends Without A Border,New York,New York
Gai Noi,Minneapolis,Minnesota
Golden Triangle,Philadelphia,Pennsylvania
Grandma's Philly,Philadelphia,Pennsylvania
Green Papaya | Thai • Laotian,Stockton,California
HAVEN Asian Eatery,Eden Prairie,Minnesota
Holy Khao Lao Thai Cuisine,Garland,Texas
Hot Cafe,Atlanta,Georgia
Indo-Chinese Association,San Diego,California
International Lao Market,Oakland,California
JJ Thai Cuisine,Philadelphia,Pennsylvania
Keolucky Lao Thai Restaurant,Haltom City,Texas
Khâluna,Minneapolis,Minnesota
Khao Niao,Omaha,Nebraska
Kolap Restaurant,St Paul,Minnesota
Kop Jai Lai,Mission Hills,California
Kop Jai Thai-Lao Street Food,Amarillo,Texas
L'thai Organic Cuisine & Wine Bar (Tucker),Tucker,Georgia
La Moon Atlanta,Atlanta,Georgia
Lacha Somtum,Los Angeles,California
LAI ZOM ASIAN GROCERY STORE,Wheaton,Illinois
Lao America,Minneapolis,Minnesota
Lao Asian Market,Scranton,Pennsylvania
Lao Cafe 2,Fresno,California
Lao Center of Minnesota,Minneapolis,Minnesota
Lao Esan Kitchen,Lake Elsinore,California
Lao Family Community Development,Sacramento,California
"Lao Family Community Development, Inc",Sacramento,California
"Lao Family Community Empowerment, Inc",Stockton,California
Lao Food Market,Wichita,Kansas
Lao Garden Restaurant & Bar,Berkeley,California
Lao Jaleune Supermarket,Richmond,California
Lao Liu Jia Restaurant,City of Industry,California
Lao market,Redding,California
Lao Oriental Market,Eureka,California
Lao Restaurant,Mission Hills,California
Lao Sticky Rice,Dumas,Texas
Lao Szechuan,Doraville,Georgia
Lao Table,San Francisco,California
Lao Thai Kitchen,Irving,Texas
Lao Thai Kitchen,Albany,California
Lao Thai Town Grandma’s kitchen,Fort Worth,Texas
Lao Vanthavy Oriental Food,Johnson City,New York
Lao Wei Dao 老味道,Duluth,Georgia
"Lao, Der!",Stockton,California
Lao’d Bar,Austin,Texas
Lao'd District,Houston,Texas
Laos Asia Market,Las Vegas,Nevada
Laos Asian Market,South Sioux City,Nebraska
Laos Grocery,Dumas,Texas
Laos in Town,Washington,District of Columbia
Laos Kitchen,San Rafael,California
Laos Oriental Grocery,Smyrna,Tennessee
Laos/Thai Foods,Arlington,Texas
LAOTHAI restaurant,Carpinteria,California
Laotian American Community of Fresno,Fresno,California
Lat14 Asian Eatery,Golden Valley,Minnesota
Latda Asian Food Market,Charlotte,North Carolina
Lau Bo by Lao Beo,Garden Grove,California
Lau Kee Restaurant,Philadelphia,Pennsylvania
Le Viet,Philadelphia,Pennsylvania
Lil Thai Cafe,La Vergne,Tennessee
Little Asia Cafe,St Paul,Minnesota
Little Laos,Amarillo,Texas
Lovan's Asian Market,Denison,Iowa
Luang Prabang Market,Euless,Texas
Lucky Elephant Cafe,Sewell,New Jersey
Ly Food Market & Gifts,Dallas,Texas
Mae La Grocery,St Paul,Minnesota
Mawn,Philadelphia,Pennsylvania
Mekong Market,Providence,Rhode Island
Mekong Market,Antioch,Tennessee
Mekong NYC,Bronx,New York
Merced Lao Family Community,null,null
Merced Lao Family Community Inc,Merced,California
Moboba,Edinburg,TX
Moos Pheeb Market,Sacramento,California
Muang Lao Market #1,San Diego,California
Naga Bistro,Atlanta,Georgia
Naga Cafe Khmer Street Food,Signal Hill,California
Nam Phuong Restaurant,Philadelphia,Pennsylvania
New Laos Kitchen,Sacramento,California
New Laos Market,Rochester,New York
NL Oriental Food & Deli,St Paul,Minnesota
Nok’s Kitchen,Westminster,California
Nolas Southeast Asia Street Foods,Eden Prairie,Minnesota
Overseas Market,Dallas,Texas
Owl Owl Thai Lao Street Food,Signal Hill,California
Padaek DC,Falls Church,VA
Pha Khao Lao Cuisine,San Diego,California
Phở 75,Philadelphia,Pennsylvania
Pho Ga Thanh Thanh,Philadelphia,Pennsylvania
Pho Lao Kitchen Der,Johnson City,Tennessee
Pho Lao Vieng,Fresno,California
Pho Today | Philadelphia,Philadelphia,Pennsylvania
Ratchada Thai & Laos Cuisine,Philadelphia,Pennsylvania
Rod-Sap | Thai Lao Kitchen,Fairfield,California
Ruam Mit,St Paul,Minnesota
Sabai Thai-Lao Dining,Washington,District of Columbia
SaBaiDee Cafe,Murfreesboro,Tennessee
Sao Lao Thai Café,Houston,"TX "
Seng Hong Oriental Market,Philadelphia,Pennsylvania
Sky Cafe,Philadelphia,Pennsylvania
Snackboxe Bistro,Duluth,Georgia
So So Fed,Atlanta,Georgia
Soul Lao,St Paul,Minnesota
SouLao'd Kitchen,Springfield,Massachusetts
Southeast Asia Resource Action Center (SEARAC),Washington,District of Columbia
Southeast Kitchen,Wilmington,Delaware
Sweet Rice and Spice,Garden Grove,California
Tabachoy,Philadelphia,Pennsylvania
Taste of Thai and Lao,Big Lake,Minnesota
Thai & Laos Market Restaurant,Anaheim,California
Thai Esan 2 & Mango Sushi,Fort Oglethorpe,Georgia
Thai-Lao Garden,Baltimore,Maryland
The Famous Khmer-Lao Restaurant,San Jose,California
Thip Khao Restaurant,Washington,District of Columbia
Three Lao sister market LLC,High Point,North Carolina
Tipsy Thaiger,Roswell,Georgia
Tum Pok Pok,Chamblee,Georgia
Vieng Lao Oriental Food Center,Portland,Oregon
Vientiane Bistro,Philadelphia,Pennsylvania
Vientiane Grocery,Seattle,Washington
Vientiane Lao & Thai Cuisine,Warroad,Minnesota
Vientiane Lao Thai Restaurant,Garden Grove,California
Wasabi Cafe77,Greensboro,North Carolina
Wat phou market,Lafayette,Louisiana